id,tanggal,destinasi,kota,mulai,selesai,aktivitas,keterangan,gmaps,lat,lng
1,11/5/2026,Römerberg & Museumsufer,frankfurt,9:00,17:00,Eksplorasi Frankfurt Old Town (Römerberg) & Museum Embankment,Tiba di Frankfurt check-in hotel jalan sore di tepian Sungai Main,https://maps.google.com/?q=R%C3%B6merberg+Frankfurt,50.1054,8.6631
2,11/5/2026,Römerberg & Museumsufer,frankfurt,9:00,17:00,Eksplorasi Frankfurt Old Town (Römerberg) & Museum Embankment,Tiba di Frankfurt check-in hotel jalan sore di tepian Sungai Main,https://maps.google.com/?q=R%C3%B6merberg+Frankfurt,50.1054,8.6631
3,11/5/2026,Römerberg & Museumsufer,frankfurt,9:00,17:00,Eksplorasi Frankfurt Old Town (Römerberg) & Museum Embankment,Tiba di Frankfurt check-in hotel jalan sore di tepian Sungai Main,https://maps.google.com/?q=R%C3%B6merberg+Frankfurt,50.1054,8.6631
4,11/5/2026,Römerberg & Museumsufer,frankfurt,9:00,17:00,Eksplorasi Frankfurt Old Town (Römerberg) & Museum Embankment,Tiba di Frankfurt check-in hotel jalan sore di tepian Sungai Main,https://maps.google.com/?q=R%C3%B6merberg+Frankfurt,50.1054,8.6631
5,11/6/2026,Speicherstadt & Elbphilharmonie,hamburg,8:00,16:00,Perjalanan ke Hamburg & Keliling Speicherstadt,Naik kereta ICE pagi lanjut jalan di kawasan gudang bersejarah & Elbphilharmonie,https://maps.google.com/?q=Speicherstadt+Hamburg,53.5511,9.9937
6,11/7/2026,Warnemünde & Marienkirche,rostock,9:30,15:30,Wisata Kota Tua Rostock & Pelabuhan Warnemünde,Menikmati pemandangan Laut Baltik dan pantai Warnemünde,https://maps.google.com/?q=Warnem%C3%BCnde+Rostock,54.0924,12.0991
7,11/8/2026,Brandenburger Tor & Reichstag,berlin,8:30,18:00,Perjalanan ke Berlin & Kunjungan Brandenburg Gate,Kereta ke Berlin jalan kaki di Unter den Linden dan Reichstag,https://maps.google.com/?q=Brandenburger+Tor+Berlin,52.52,13.405
8,11/9/2026,Museumsinsel & East Side Gallery,berlin,9:00,17:00,Tur Museum Island & East Side Gallery,Menjelajahi museum seni serta sisa Tembok Berlin bersejarah,https://maps.google.com/?q=Museumsinsel+Berlin,52.5169,13.401
9,11/10/2026,Schloss Sanssouci,potsdam,9:00,16:00,Day Trip ke Istana Sanssouci Potsdam,Sewa sepeda keliling taman istana raja Prussia,https://maps.google.com/?q=Schloss+Sanssouci+Potsdam,52.3988,13.0657
10,11/11/2026,Frauenkirche & Neumarkt,dresden,8:00,17:30,Perjalanan ke Dresden & Tur Frauenkirche,Melihat arsitektur megah Kota Tua Dresden (Elbflorenz),https://maps.google.com/?q=Frauenkirche+Dresden,51.0504,13.7373
11,11/12/2026,Zwinger & Grünes Gewölbe,dresden,9:00,15:00,Kunjungan Istana Zwinger & Green Vault,Melihat koleksi harta karun kerajaan Sachsen,https://maps.google.com/?q=Zwinger+Dresden,51.0528,13.7336
12,11/13/2026,Basteibrücke,sächsische schweiz,8:00,16:30,Hiking Ringkas Bastei Bridge,Pemandangan tebing batu kapur menakjubkan di tepi Sungai Elbe,https://maps.google.com/?q=Basteibr%C3%BCcke,50.9622,14.0722
13,11/14/2026,Kaiserburg Nürnberg,nürnberg,8:30,17:00,Transit ke Nürnberg & Wisata Kastil Imperial,Singgah di Nürnberg sebelum menuju selatan,https://maps.google.com/?q=Kaiserburg+Nurnberg,49.4521,11.0767
14,11/15/2026,Marienplatz & Hofbräuhaus,münchen,9:00,18:00,Perjalanan ke München & Marienplatz,Menaksikan Rathaus-Glockenspiel dan makan malam di Hofbräuhaus,https://maps.google.com/?q=Marienplatz+Munich,48.1351,11.582
15,11/16/2026,Neuschwanstein Castle,fussen,8:00,17:00,Day Trip ke Kastil Neuschwanstein,Naik bus ke Füssen dan tur kastil dongeng Bavaria,https://maps.google.com/?q=Neuschwanstein+Castle+Fussen,47.5576,10.7498
16,11/17/2026,Allianz Arena & Olympiapark,münchen,9:00,16:00,Kunjungan Allianz Arena & Olympiapark,Tur stadion sepak bola Bayern Munich dan taman Olimpiade,https://maps.google.com/?q=Allianz+Arena+Munich,48.2188,11.6247 
17,11/21/2026,Mercedes-Benz Museum,stuttgart,9:00,16:00,Transit ke Stuttgart & Museum Mercedes-Benz,Kunjungan museum sejarah evolusi mobil dunia,https://maps.google.com/?q=Mercedes-Benz+Museum+Stuttgart,48.7758,9.1829
18,11/22/2026,Schloss Heidelberg & Alte Brücke,heidelberg,9:30,16:30,Wisata Kastil Heidelberg & Old Bridge,Menikmati pemandangan kota tua romantic Jerman,https://maps.google.com/?q=Heidelberg+Castle,49.4147,8.6812
19,11/23/2026,Zeil Einkaufsstraße,frankfurt,10:00,17:00,Kembali ke Frankfurt & Belanja di Zeil,Persiapan kepulangan dan belanja oleh-oleh,https://maps.google.com/?q=Zeil+Frankfurt,50.1136,8.6853
20,11/24/2026,Sachsenhausen & Alt-Frankfurt,frankfurt,9:00,15:00,Istirahat & Packing / Wisata Kuliner,Santai di kafe lokal dan packing barang bawaan,https://maps.google.com/?q=Sachsenhausen+Frankfurt,50.1109,8.6821
21,11/25/2026,Frankfurt Airport (FRA),frankfurt,10:00,14:00,Check-out Hotel & Menuju Bandara Frankfurt (FRA),Penerbangan kembali ke tanah air,https://maps.google.com/?q=Frankfurt+Airport,50.0379,8.5622